website,description,industry,company_size,outreach_score,reason
https://perific.com,"Perific provides connected energy management products and solutions for real estate, housing cooperatives, and electrical utilities to monitor and control power consumption.",Energy & Cleantech,Medium,4,"They rely on a network of installers and partners, making B2B outreach highly effective for recruiting and expanding their installation channels."
https://swedrive.se,"Swedrive develops and manufactures customized electromechanical transmission solutions, such as gearboxes, jacks, and cylinders, tailored to various industrial applications.",Industrial Manufacturing,Medium,4,"As a B2B manufacturer selling customized technical solutions to various industries, Swedrive can effectively use LinkedIn outreach to target engineers, procurement managers, and OEM decision-makers."
https://sparv.io,"Sparv Embedded develops lightweight radiosondes and versatile sensor systems for weather balloons and UAVs to provide precise atmospheric measurements for researchers, defense, and environmental operations.",Environmental Services & Equipment,1-50 employees,2,"The company sells niche scientific hardware primarily to researchers, universities, and defense agencies who are often difficult to engage effectively through standard B2B sales outreach on LinkedIn."
https://cetasol.com,Cetasol provides a maritime monitoring and analytics platform designed to optimize vessel operations and efficiency.,Maritime Technology,Small,4,"As a B2B SaaS provider targeting maritime businesses, they likely need to reach shipowners and fleet managers directly."
https://octanorm.se,"OCTANORM provides modular systems for exhibitions, projects, and cleanrooms, offering reusable and flexible structural solutions for brands and businesses worldwide.",Exhibition & Construction Materials,51-200 employees,4,"The company operates in a B2B model selling specialized structural systems through a global network of partners, making targeted LinkedIn outreach effective for reaching event planners, architects, and cleanroom project managers."
https://adway.ai,"Adway provides an AI-powered social recruiting platform that automatically converts job openings into targeted social media campaigns across platforms like LinkedIn, Meta, and TikTok.",Human Resources & Recruitment Technology,51-200 employees,1,"As a marketing and recruitment technology platform itself, Adway relies heavily on inbound marketing, digital advertising, and direct sales rather than needing outsourced B2B LinkedIn lead generation services."
https://photonsports.se,Photon Sports provides a mobile athlete tracking and biomechanical video analysis software platform for sports teams and high-performance organizations.,Sports Technology and Analytics,11-50 employees,5,"The company sells high-ticket B2B software and hardware directly to sports club executives, head coaches, and performance directors who are easily reachable via LinkedIn."
https://welandsolutions.se,"Weland Solutions provides vertical storage lifts, warehouse automation systems, and related software for businesses in industry, e-commerce, logistics, and production.",Industrial Automation & Warehousing,50-200 employees,4,"The company sells high-value B2B capital equipment and software, making targeted outreach to warehouse and logistics decision-makers highly relevant."
https://qurant.se,"Qurant offers corporate health services, health insurance, and digital health portals to help organizations reduce sick leave and create sustainable work environments.",Corporate Health and Wellness,Medium (50-250 employees),4,"They sell B2B health and HR solutions directly to businesses and decision-makers like HR heads and executives, making outbound lead generation highly relevant."
